Methods,values,predicate
W2V,4,1
W2V,4,2
W2V,4,3
W2V,4,4
W2V,4,5
W2V,4,6
W2V,4,7
W2V,4,8
W2V,4,9
W2V,4,10
W2V,4,11
W2V,4,12
W2V,4,13
W2V,4,14
W2V,3,15
W2V,3,16
W2V,3,17
W2V,3,18
W2V,3,19
W2V,3,20
W2V,3,21
W2V,3,22
W2V,3,23
W2V,3,24
W2V,3,25
W2V,3,26
W2V,3,27
W2V,3,28
W2V,3,29
W2V,3,30
W2V,3,31
W2V,3,32
W2V,3,33
W2V,3,34
W2V,3,35
W2V,3,36
W2V,3,37
W2V,3,38
W2V,3,39
W2V,3,40
W2V,3,41
W2V,3,42
W2V,3,43
W2V,3,44
W2V,3,45
W2V,3,46
W2V,3,47
W2V,3,48
W2V,3,49
W2V,3,50
W2V,3,51
W2V,3,52
W2V,3,53
W2V,3,54
W2V,3,55
W2V,3,56
W2V,3,57
W2V,3,58
W2V,3,59
W2V,3,60
W2V,3,61
W2V,3,62
W2V,3,63
W2V,3,64
W2V,3,65
W2V,3,66
W2V,3,67
W2V,3,68
W2V,3,69
W2V,3,70
W2V,3,71
W2V,3,72
W2V,3,73
W2V,3,74
W2V,3,75
W2V,3,76
W2V,3,77
W2V,3,78
W2V,3,79
W2V,3,80
W2V,3,81
W2V,3,82
W2V,3,83
W2V,3,84
W2V,3,85
W2V,3,86
W2V,3,87
W2V,3,88
W2V,3,89
W2V,3,90
W2V,3,91
W2V,3,92
W2V,3,93
W2V,3,94
W2V,3,95
W2V,3,96
W2V,3,97
W2V,3,98
W2V,3,99
W2V,3,100
W2V,3,101
W2V,3,102
W2V,3,103
W2V,3,104
W2V,3,105
W2V,3,106
W2V,3,107
W2V,3,108
W2V,3,109
W2V,3,110
W2V,3,111
W2V,3,112
W2V,3,113
W2V,3,114
W2V,3,115
W2V,3,116
W2V,3,117
W2V,3,118
W2V,3,119
W2V,3,120
W2V,3,121
W2V,3,122
W2V,3,123
W2V,3,124
W2V,3,125
W2V,3,126
W2V,3,127
W2V,3,128
W2V,3,129
W2V,3,130
W2V,3,131
W2V,3,132
W2V,3,133
W2V,3,134
W2V,3,135
W2V,3,136
W2V,3,137
W2V,3,138
W2V,3,139
W2V,3,140
W2V,3,141
W2V,3,142
W2V,3,143
W2V,3,144
W2V,3,145
W2V,3,146
W2V,3,147
W2V,3,148
W2V,3,149
W2V,3,150
W2V,3,151
W2V,3,152
W2V,3,153
W2V,3,154
W2V,3,155
W2V,3,156
W2V,3,157
W2V,3,158
W2V,3,159
W2V,3,160
W2V,3,161
W2V,3,162
W2V,3,163
W2V,3,164
W2V,3,165
W2V,3,166
W2V,2,167
W2V,2,168
W2V,2,169
W2V,2,170
W2V,2,171
W2V,2,172
W2V,2,173
W2V,2,174
W2V,2,175
W2V,2,176
W2V,2,177
W2V,2,178
W2V,2,179
W2V,2,180
W2V,2,181
W2V,2,182
W2V,2,183
W2V,2,184
W2V,2,185
W2V,2,186
W2V,2,187
W2V,2,188
W2V,2,189
W2V,2,190
W2V,2,191
W2V,2,192
W2V,2,193
W2V,2,194
W2V,2,195
W2V,2,196
W2V,2,197
W2V,2,198
W2V,2,199
W2V,2,200
W2V,2,201
W2V,2,202
W2V,2,203
W2V,2,204
W2V,2,205
W2V,2,206
W2V,2,207
W2V,2,208
W2V,2,209
W2V,2,210
W2V,2,211
W2V,2,212
W2V,2,213
W2V,2,214
W2V,2,215
W2V,2,216
W2V,2,217
W2V,2,218
W2V,2,219
W2V,2,220
W2V,2,221
W2V,2,222
W2V,2,223
W2V,2,224
W2V,2,225
W2V,2,226
W2V,2,227
W2V,2,228
W2V,2,229
W2V,2,230
W2V,2,231
W2V,2,232
W2V,2,233
W2V,2,234
W2V,2,235
W2V,2,236
W2V,2,237
W2V,2,238
W2V,2,239
W2V,2,240
W2V,2,241
W2V,2,242
W2V,2,243
W2V,2,244
W2V,2,245
W2V,2,246
W2V,2,247
W2V,2,248
W2V,2,249
W2V,2,250
W2V,2,251
W2V,2,252
W2V,2,253
W2V,2,254
W2V,2,255
W2V,2,256
W2V,2,257
W2V,2,258
W2V,2,259
W2V,2,260
W2V,2,261
W2V,2,262
W2V,2,263
W2V,2,264
W2V,2,265
W2V,2,266
W2V,2,267
W2V,2,268
W2V,2,269
W2V,2,270
W2V,2,271
W2V,2,272
W2V,2,273
W2V,2,274
W2V,2,275
W2V,2,276
W2V,2,277
W2V,2,278
W2V,2,279
W2V,2,280
W2V,2,281
W2V,2,282
W2V,2,283
W2V,2,284
W2V,2,285
W2V,2,286
W2V,2,287
W2V,2,288
W2V,2,289
W2V,2,290
W2V,2,291
W2V,2,292
W2V,2,293
W2V,2,294
W2V,2,295
W2V,2,296
W2V,2,297
W2V,2,298
W2V,2,299
W2V,2,300
W2V,2,301
W2V,2,302
W2V,2,303
W2V,2,304
W2V,2,305
W2V,2,306
W2V,2,307
W2V,2,308
W2V,2,309
W2V,2,310
W2V,2,311
W2V,2,312
W2V,2,313
W2V,2,314
W2V,2,315
W2V,2,316
W2V,2,317
W2V,2,318
W2V,2,319
W2V,2,320
W2V,2,321
W2V,2,322
W2V,2,323
W2V,2,324
W2V,2,325
W2V,2,326
W2V,1,327
W2V,1,328
W2V,1,329
W2V,1,330
W2V,1,331
W2V,1,332
W2V,1,333
W2V,1,334
W2V,1,335
W2V,1,336
W2V,1,337
W2V,1,338
W2V,1,339
W2V,1,340
W2V,1,341
W2V,1,342
W2V,1,343
W2V,1,344
W2V,1,345
W2V,1,346
W2V,1,347
W2V,1,348
W2V,1,349
W2V,1,350
W2V,1,351
W2V,1,352
W2V,1,353
W2V,1,354
W2V,1,355
W2V,1,356
W2V,1,357
W2V,1,358
W2V,1,359
W2V,1,360
W2V,1,361
W2V,1,362
W2V,1,363
W2V,1,364
W2V,1,365
W2V,1,366
W2V,1,367
W2V,1,368
W2V,1,369
W2V,1,370
W2V,1,371
W2V,1,372
W2V,1,373
W2V,1,374
W2V,1,375
W2V,1,376
W2V,1,377
W2V,1,378
W2V,1,379
W2V,1,380
W2V,1,381
W2V,1,382
W2V,1,383
W2V,1,384
W2V,1,385
W2V,1,386
W2V,1,387
W2V,1,388
W2V,1,389
W2V,1,390
W2V,1,391
W2V,1,392
W2V,1,393
W2V,1,394
W2V,1,395
W2V,1,396
W2V,1,397
W2V,1,398
W2V,1,399
W2V,1,400
W2V,1,401
W2V,1,402
W2V,1,403
W2V,1,404
W2V,1,405
W2V,1,406
W2V,1,407
W2V,1,408
W2V,1,409
W2V,1,410
W2V,1,411
W2V,1,412
W2V,1,413
W2V,1,414
W2V,1,415
W2V,1,416
W2V,1,417
W2V,1,418
W2V,1,419
W2V,1,420
W2V,1,421
W2V,1,422
W2V,1,423
W2V,1,424
W2V,1,425
W2V,1,426
W2V,1,427
W2V,1,428
W2V,1,429
W2V,1,430
W2V,1,431
W2V,1,432
W2V,1,433
W2V,1,434
W2V,1,435
W2V,1,436
W2V,1,437
W2V,1,438
W2V,1,439
W2V,1,440
W2V,1,441
W2V,1,442
W2V,1,443
W2V,1,444
W2V,1,445
W2V,1,446
W2V,1,447
W2V,1,448
W2V,1,449
W2V,1,450
W2V,1,451
W2V,1,452
W2V,1,453
W2V,1,454
W2V,1,455
W2V,1,456
W2V,1,457
W2V,1,458
W2V,1,459
W2V,1,460
W2V,1,461
W2V,1,462
W2V,1,463
W2V,1,464
W2V,1,465
W2V,1,466
W2V,1,467
W2V,1,468
W2V,1,469
W2V,1,470
W2V,1,471
W2V,1,472
W2V,1,473
W2V,1,474
W2V,1,475
W2V,1,476
W2V,1,477
W2V,1,478
W2V,1,479
W2V,1,480
W2V,1,481
W2V,1,482
W2V,1,483
W2V,1,484
W2V,1,485
W2V,1,486
W2V,1,487
W2V,1,488
W2V,1,489
W2V,1,490
W2V,1,491
W2V,1,492
W2V,1,493
W2V,1,494
W2V,1,495
W2V,1,496
W2V,1,497
W2V,1,498
W2V,1,499
W2V,1,500
RDF2Vec,4,1
RDF2Vec,4,2
RDF2Vec,4,3
RDF2Vec,4,4
RDF2Vec,4,5
RDF2Vec,4,6
RDF2Vec,4,7
RDF2Vec,4,8
RDF2Vec,4,9
RDF2Vec,4,10
RDF2Vec,4,11
RDF2Vec,4,12
RDF2Vec,4,13
RDF2Vec,4,14
RDF2Vec,4,15
RDF2Vec,4,16
RDF2Vec,4,17
RDF2Vec,4,18
RDF2Vec,4,19
RDF2Vec,4,20
RDF2Vec,4,21
RDF2Vec,4,22
RDF2Vec,4,23
RDF2Vec,4,24
RDF2Vec,4,25
RDF2Vec,4,26
RDF2Vec,4,27
RDF2Vec,4,28
RDF2Vec,4,29
RDF2Vec,4,30
RDF2Vec,4,31
RDF2Vec,4,32
RDF2Vec,4,33
RDF2Vec,4,34
RDF2Vec,4,35
RDF2Vec,4,36
RDF2Vec,4,37
RDF2Vec,4,38
RDF2Vec,4,39
RDF2Vec,4,40
RDF2Vec,4,41
RDF2Vec,3,42
RDF2Vec,3,43
RDF2Vec,3,44
RDF2Vec,3,45
RDF2Vec,3,46
RDF2Vec,3,47
RDF2Vec,3,48
RDF2Vec,3,49
RDF2Vec,3,50
RDF2Vec,3,51
RDF2Vec,3,52
RDF2Vec,3,53
RDF2Vec,3,54
RDF2Vec,3,55
RDF2Vec,3,56
RDF2Vec,3,57
RDF2Vec,3,58
RDF2Vec,3,59
RDF2Vec,3,60
RDF2Vec,3,61
RDF2Vec,3,62
RDF2Vec,3,63
RDF2Vec,3,64
RDF2Vec,3,65
RDF2Vec,3,66
RDF2Vec,3,67
RDF2Vec,3,68
RDF2Vec,3,69
RDF2Vec,3,70
RDF2Vec,3,71
RDF2Vec,3,72
RDF2Vec,3,73
RDF2Vec,3,74
RDF2Vec,3,75
RDF2Vec,3,76
RDF2Vec,3,77
RDF2Vec,3,78
RDF2Vec,3,79
RDF2Vec,3,80
RDF2Vec,3,81
RDF2Vec,3,82
RDF2Vec,3,83
RDF2Vec,3,84
RDF2Vec,3,85
RDF2Vec,3,86
RDF2Vec,3,87
RDF2Vec,3,88
RDF2Vec,3,89
RDF2Vec,3,90
RDF2Vec,3,91
RDF2Vec,3,92
RDF2Vec,3,93
RDF2Vec,3,94
RDF2Vec,3,95
RDF2Vec,3,96
RDF2Vec,3,97
RDF2Vec,3,98
RDF2Vec,3,99
RDF2Vec,3,100
RDF2Vec,3,101
RDF2Vec,3,102
RDF2Vec,3,103
RDF2Vec,3,104
RDF2Vec,3,105
RDF2Vec,3,106
RDF2Vec,3,107
RDF2Vec,3,108
RDF2Vec,3,109
RDF2Vec,3,110
RDF2Vec,3,111
RDF2Vec,3,112
RDF2Vec,3,113
RDF2Vec,3,114
RDF2Vec,3,115
RDF2Vec,3,116
RDF2Vec,3,117
RDF2Vec,3,118
RDF2Vec,3,119
RDF2Vec,3,120
RDF2Vec,3,121
RDF2Vec,3,122
RDF2Vec,3,123
RDF2Vec,3,124
RDF2Vec,3,125
RDF2Vec,3,126
RDF2Vec,3,127
RDF2Vec,3,128
RDF2Vec,3,129
RDF2Vec,3,130
RDF2Vec,3,131
RDF2Vec,3,132
RDF2Vec,3,133
RDF2Vec,3,134
RDF2Vec,3,135
RDF2Vec,3,136
RDF2Vec,3,137
RDF2Vec,3,138
RDF2Vec,3,139
RDF2Vec,3,140
RDF2Vec,3,141
RDF2Vec,3,142
RDF2Vec,3,143
RDF2Vec,3,144
RDF2Vec,3,145
RDF2Vec,3,146
RDF2Vec,3,147
RDF2Vec,3,148
RDF2Vec,2,149
RDF2Vec,2,150
RDF2Vec,2,151
RDF2Vec,2,152
RDF2Vec,2,153
RDF2Vec,2,154
RDF2Vec,2,155
RDF2Vec,2,156
RDF2Vec,2,157
RDF2Vec,2,158
RDF2Vec,2,159
RDF2Vec,2,160
RDF2Vec,2,161
RDF2Vec,2,162
RDF2Vec,2,163
RDF2Vec,2,164
RDF2Vec,2,165
RDF2Vec,2,166
RDF2Vec,2,167
RDF2Vec,2,168
RDF2Vec,2,169
RDF2Vec,2,170
RDF2Vec,2,171
RDF2Vec,2,172
RDF2Vec,2,173
RDF2Vec,2,174
RDF2Vec,2,175
RDF2Vec,2,176
RDF2Vec,2,177
RDF2Vec,2,178
RDF2Vec,2,179
RDF2Vec,2,180
RDF2Vec,2,181
RDF2Vec,2,182
RDF2Vec,2,183
RDF2Vec,2,184
RDF2Vec,2,185
RDF2Vec,2,186
RDF2Vec,2,187
RDF2Vec,2,188
RDF2Vec,2,189
RDF2Vec,2,190
RDF2Vec,2,191
RDF2Vec,2,192
RDF2Vec,2,193
RDF2Vec,2,194
RDF2Vec,2,195
RDF2Vec,2,196
RDF2Vec,2,197
RDF2Vec,2,198
RDF2Vec,2,199
RDF2Vec,2,200
RDF2Vec,2,201
RDF2Vec,2,202
RDF2Vec,2,203
RDF2Vec,2,204
RDF2Vec,2,205
RDF2Vec,2,206
RDF2Vec,2,207
RDF2Vec,2,208
RDF2Vec,2,209
RDF2Vec,2,210
RDF2Vec,2,211
RDF2Vec,2,212
RDF2Vec,2,213
RDF2Vec,2,214
RDF2Vec,2,215
RDF2Vec,2,216
RDF2Vec,2,217
RDF2Vec,2,218
RDF2Vec,2,219
RDF2Vec,2,220
RDF2Vec,2,221
RDF2Vec,2,222
RDF2Vec,2,223
RDF2Vec,2,224
RDF2Vec,2,225
RDF2Vec,2,226
RDF2Vec,2,227
RDF2Vec,2,228
RDF2Vec,2,229
RDF2Vec,2,230
RDF2Vec,2,231
RDF2Vec,2,232
RDF2Vec,2,233
RDF2Vec,2,234
RDF2Vec,2,235
RDF2Vec,2,236
RDF2Vec,2,237
RDF2Vec,2,238
RDF2Vec,2,239
RDF2Vec,2,240
RDF2Vec,2,241
RDF2Vec,2,242
RDF2Vec,2,243
RDF2Vec,2,244
RDF2Vec,2,245
RDF2Vec,2,246
RDF2Vec,2,247
RDF2Vec,2,248
RDF2Vec,2,249
RDF2Vec,2,250
RDF2Vec,2,251
RDF2Vec,2,252
RDF2Vec,2,253
RDF2Vec,2,254
RDF2Vec,2,255
RDF2Vec,2,256
RDF2Vec,2,257
RDF2Vec,2,258
RDF2Vec,2,259
RDF2Vec,2,260
RDF2Vec,2,261
RDF2Vec,2,262
RDF2Vec,2,263
RDF2Vec,2,264
RDF2Vec,2,265
RDF2Vec,2,266
RDF2Vec,2,267
RDF2Vec,2,268
RDF2Vec,2,269
RDF2Vec,2,270
RDF2Vec,2,271
RDF2Vec,2,272
RDF2Vec,2,273
RDF2Vec,2,274
RDF2Vec,2,275
RDF2Vec,2,276
RDF2Vec,2,277
RDF2Vec,2,278
RDF2Vec,2,279
RDF2Vec,2,280
RDF2Vec,2,281
RDF2Vec,2,282
RDF2Vec,2,283
RDF2Vec,2,284
RDF2Vec,2,285
RDF2Vec,2,286
RDF2Vec,2,287
RDF2Vec,2,288
RDF2Vec,2,289
RDF2Vec,2,290
RDF2Vec,2,291
RDF2Vec,2,292
RDF2Vec,2,293
RDF2Vec,2,294
RDF2Vec,2,295
RDF2Vec,2,296
RDF2Vec,2,297
RDF2Vec,2,298
RDF2Vec,2,299
RDF2Vec,2,300
RDF2Vec,2,301
RDF2Vec,2,302
RDF2Vec,2,303
RDF2Vec,2,304
RDF2Vec,2,305
RDF2Vec,2,306
RDF2Vec,2,307
RDF2Vec,2,308
RDF2Vec,2,309
RDF2Vec,2,310
RDF2Vec,2,311
RDF2Vec,2,312
RDF2Vec,2,313
RDF2Vec,2,314
RDF2Vec,2,315
RDF2Vec,2,316
RDF2Vec,2,317
RDF2Vec,2,318
RDF2Vec,2,319
RDF2Vec,2,320
RDF2Vec,2,321
RDF2Vec,2,322
RDF2Vec,2,323
RDF2Vec,2,324
RDF2Vec,2,325
RDF2Vec,2,326
RDF2Vec,2,327
RDF2Vec,2,328
RDF2Vec,2,329
RDF2Vec,2,330
RDF2Vec,2,331
RDF2Vec,2,332
RDF2Vec,2,333
RDF2Vec,2,334
RDF2Vec,2,335
RDF2Vec,2,336
RDF2Vec,2,337
RDF2Vec,2,338
RDF2Vec,2,339
RDF2Vec,2,340
RDF2Vec,2,341
RDF2Vec,2,342
RDF2Vec,1,343
RDF2Vec,1,344
RDF2Vec,1,345
RDF2Vec,1,346
RDF2Vec,1,347
RDF2Vec,1,348
RDF2Vec,1,349
RDF2Vec,1,350
RDF2Vec,1,351
RDF2Vec,1,352
RDF2Vec,1,353
RDF2Vec,1,354
RDF2Vec,1,355
RDF2Vec,1,356
RDF2Vec,1,357
RDF2Vec,1,358
RDF2Vec,1,359
RDF2Vec,1,360
RDF2Vec,1,361
RDF2Vec,1,362
RDF2Vec,1,363
RDF2Vec,1,364
RDF2Vec,1,365
RDF2Vec,1,366
RDF2Vec,1,367
RDF2Vec,1,368
RDF2Vec,1,369
RDF2Vec,1,370
RDF2Vec,1,371
RDF2Vec,1,372
RDF2Vec,1,373
RDF2Vec,1,374
RDF2Vec,1,375
RDF2Vec,1,376
RDF2Vec,1,377
RDF2Vec,1,378
RDF2Vec,1,379
RDF2Vec,1,380
RDF2Vec,1,381
RDF2Vec,1,382
RDF2Vec,1,383
RDF2Vec,1,384
RDF2Vec,1,385
RDF2Vec,1,386
RDF2Vec,1,387
RDF2Vec,1,388
RDF2Vec,1,389
RDF2Vec,1,390
RDF2Vec,1,391
RDF2Vec,1,392
RDF2Vec,1,393
RDF2Vec,1,394
RDF2Vec,1,395
RDF2Vec,1,396
RDF2Vec,1,397
RDF2Vec,1,398
RDF2Vec,1,399
RDF2Vec,1,400
RDF2Vec,1,401
RDF2Vec,1,402
RDF2Vec,1,403
RDF2Vec,1,404
RDF2Vec,1,405
RDF2Vec,1,406
RDF2Vec,1,407
RDF2Vec,1,408
RDF2Vec,1,409
RDF2Vec,1,410
RDF2Vec,1,411
RDF2Vec,1,412
RDF2Vec,1,413
RDF2Vec,1,414
RDF2Vec,1,415
RDF2Vec,1,416
RDF2Vec,1,417
RDF2Vec,1,418
RDF2Vec,1,419
RDF2Vec,1,420
RDF2Vec,1,421
RDF2Vec,1,422
RDF2Vec,1,423
RDF2Vec,1,424
RDF2Vec,1,425
RDF2Vec,1,426
RDF2Vec,1,427
RDF2Vec,1,428
RDF2Vec,1,429
RDF2Vec,1,430
RDF2Vec,1,431
RDF2Vec,1,432
RDF2Vec,1,433
RDF2Vec,1,434
RDF2Vec,1,435
RDF2Vec,1,436
RDF2Vec,1,437
RDF2Vec,1,438
RDF2Vec,1,439
RDF2Vec,1,440
RDF2Vec,1,441
RDF2Vec,1,442
RDF2Vec,1,443
RDF2Vec,1,444
RDF2Vec,1,445
RDF2Vec,1,446
RDF2Vec,1,447
RDF2Vec,1,448
RDF2Vec,1,449
RDF2Vec,1,450
RDF2Vec,1,451
RDF2Vec,1,452
RDF2Vec,1,453
RDF2Vec,1,454
RDF2Vec,1,455
RDF2Vec,1,456
RDF2Vec,1,457
RDF2Vec,1,458
RDF2Vec,1,459
RDF2Vec,1,460
RDF2Vec,1,461
RDF2Vec,1,462
RDF2Vec,1,463
RDF2Vec,1,464
RDF2Vec,1,465
RDF2Vec,1,466
RDF2Vec,1,467
RDF2Vec,1,468
RDF2Vec,1,469
RDF2Vec,1,470
RDF2Vec,1,471
RDF2Vec,1,472
RDF2Vec,1,473
RDF2Vec,1,474
RDF2Vec,1,475
RDF2Vec,1,476
RDF2Vec,1,477
RDF2Vec,1,478
RDF2Vec,1,479
RDF2Vec,1,480
RDF2Vec,1,481
RDF2Vec,1,482
RDF2Vec,1,483
RDF2Vec,1,484
RDF2Vec,1,485
RDF2Vec,1,486
RDF2Vec,1,487
RDF2Vec,1,488
RDF2Vec,1,489
RDF2Vec,1,490
RDF2Vec,1,491
RDF2Vec,1,492
RDF2Vec,1,493
RDF2Vec,1,494
RDF2Vec,1,495
RDF2Vec,1,496
RDF2Vec,1,497
RDF2Vec,1,498
RDF2Vec,1,499
RDF2Vec,1,500
RuleBased,5,1
RuleBased,5,2
RuleBased,5,3
RuleBased,5,4
RuleBased,5,5
RuleBased,5,6
RuleBased,5,7
RuleBased,5,8
RuleBased,5,9
RuleBased,5,10
RuleBased,5,11
RuleBased,5,12
RuleBased,5,13
RuleBased,5,14
RuleBased,5,15
RuleBased,5,16
RuleBased,5,17
RuleBased,5,18
RuleBased,5,19
RuleBased,5,20
RuleBased,5,21
RuleBased,5,22
RuleBased,5,23
RuleBased,4,24
RuleBased,4,25
RuleBased,4,26
RuleBased,4,27
RuleBased,4,28
RuleBased,4,29
RuleBased,4,30
RuleBased,4,31
RuleBased,4,32
RuleBased,4,33
RuleBased,4,34
RuleBased,4,35
RuleBased,4,36
RuleBased,4,37
RuleBased,4,38
RuleBased,4,39
RuleBased,4,40
RuleBased,4,41
RuleBased,4,42
RuleBased,4,43
RuleBased,4,44
RuleBased,4,45
RuleBased,4,46
RuleBased,4,47
RuleBased,4,48
RuleBased,4,49
RuleBased,4,50
RuleBased,4,51
RuleBased,4,52
RuleBased,4,53
RuleBased,4,54
RuleBased,4,55
RuleBased,4,56
RuleBased,3,57
RuleBased,3,58
RuleBased,3,59
RuleBased,3,60
RuleBased,3,61
RuleBased,3,62
RuleBased,3,63
RuleBased,3,64
RuleBased,3,65
RuleBased,3,66
RuleBased,3,67
RuleBased,3,68
RuleBased,3,69
RuleBased,3,70
RuleBased,3,71
RuleBased,3,72
RuleBased,3,73
RuleBased,3,74
RuleBased,3,75
RuleBased,3,76
RuleBased,3,77
RuleBased,3,78
RuleBased,3,79
RuleBased,3,80
RuleBased,3,81
RuleBased,3,82
RuleBased,3,83
RuleBased,3,84
RuleBased,3,85
RuleBased,3,86
RuleBased,3,87
RuleBased,3,88
RuleBased,3,89
RuleBased,3,90
RuleBased,3,91
RuleBased,3,92
RuleBased,3,93
RuleBased,3,94
RuleBased,3,95
RuleBased,3,96
RuleBased,3,97
RuleBased,3,98
RuleBased,3,99
RuleBased,3,100
RuleBased,3,101
RuleBased,3,102
RuleBased,3,103
RuleBased,3,104
RuleBased,3,105
RuleBased,3,106
RuleBased,3,107
RuleBased,3,108
RuleBased,3,109
RuleBased,3,110
RuleBased,3,111
RuleBased,3,112
RuleBased,3,113
RuleBased,3,114
RuleBased,3,115
RuleBased,3,116
RuleBased,3,117
RuleBased,3,118
RuleBased,3,119
RuleBased,3,120
RuleBased,3,121
RuleBased,3,122
RuleBased,3,123
RuleBased,3,124
RuleBased,3,125
RuleBased,3,126
RuleBased,3,127
RuleBased,3,128
RuleBased,3,129
RuleBased,3,130
RuleBased,3,131
RuleBased,3,132
RuleBased,3,133
RuleBased,3,134
RuleBased,3,135
RuleBased,3,136
RuleBased,3,137
RuleBased,3,138
RuleBased,3,139
RuleBased,3,140
RuleBased,3,141
RuleBased,3,142
RuleBased,3,143
RuleBased,3,144
RuleBased,3,145
RuleBased,3,146
RuleBased,3,147
RuleBased,3,148
RuleBased,3,149
RuleBased,3,150
RuleBased,3,151
RuleBased,3,152
RuleBased,3,153
RuleBased,3,154
RuleBased,3,155
RuleBased,3,156
RuleBased,3,157
RuleBased,3,158
RuleBased,3,159
RuleBased,3,160
RuleBased,3,161
RuleBased,3,162
RuleBased,3,163
RuleBased,3,164
RuleBased,3,165
RuleBased,3,166
RuleBased,3,167
RuleBased,3,168
RuleBased,3,169
RuleBased,3,170
RuleBased,3,171
RuleBased,3,172
RuleBased,3,173
RuleBased,3,174
RuleBased,3,175
RuleBased,3,176
RuleBased,3,177
RuleBased,3,178
RuleBased,3,179
RuleBased,3,180
RuleBased,3,181
RuleBased,3,182
RuleBased,3,183
RuleBased,3,184
RuleBased,3,185
RuleBased,3,186
RuleBased,3,187
RuleBased,3,188
RuleBased,3,189
RuleBased,3,190
RuleBased,3,191
RuleBased,3,192
RuleBased,3,193
RuleBased,3,194
RuleBased,3,195
RuleBased,3,196
RuleBased,3,197
RuleBased,3,198
RuleBased,3,199
RuleBased,3,200
RuleBased,3,201
RuleBased,3,202
RuleBased,3,203
RuleBased,3,204
RuleBased,3,205
RuleBased,3,206
RuleBased,3,207
RuleBased,3,208
RuleBased,3,209
RuleBased,3,210
RuleBased,3,211
RuleBased,3,212
RuleBased,3,213
RuleBased,3,214
RuleBased,3,215
RuleBased,3,216
RuleBased,3,217
RuleBased,3,218
RuleBased,3,219
RuleBased,3,220
RuleBased,3,221
RuleBased,3,222
RuleBased,3,223
RuleBased,3,224
RuleBased,3,225
RuleBased,3,226
RuleBased,3,227
RuleBased,3,228
RuleBased,3,229
RuleBased,3,230
RuleBased,3,231
RuleBased,3,232
RuleBased,3,233
RuleBased,3,234
RuleBased,3,235
RuleBased,3,236
RuleBased,3,237
RuleBased,3,238
RuleBased,3,239
RuleBased,3,240
RuleBased,3,241
RuleBased,3,242
RuleBased,3,243
RuleBased,3,244
RuleBased,3,245
RuleBased,3,246
RuleBased,3,247
RuleBased,3,248
RuleBased,3,249
RuleBased,3,250
RuleBased,3,251
RuleBased,3,252
RuleBased,3,253
RuleBased,3,254
RuleBased,3,255
RuleBased,3,256
RuleBased,3,257
RuleBased,3,258
RuleBased,3,259
RuleBased,3,260
RuleBased,3,261
RuleBased,3,262
RuleBased,3,263
RuleBased,3,264
RuleBased,3,265
RuleBased,3,266
RuleBased,3,267
RuleBased,3,268
RuleBased,3,269
RuleBased,3,270
RuleBased,3,271
RuleBased,3,272
RuleBased,3,273
RuleBased,3,274
RuleBased,3,275
RuleBased,3,276
RuleBased,3,277
RuleBased,3,278
RuleBased,3,279
RuleBased,3,280
RuleBased,2,281
RuleBased,2,282
RuleBased,2,283
RuleBased,2,284
RuleBased,2,285
RuleBased,2,286
RuleBased,2,287
RuleBased,2,288
RuleBased,2,289
RuleBased,2,290
RuleBased,2,291
RuleBased,2,292
RuleBased,2,293
RuleBased,2,294
RuleBased,2,295
RuleBased,2,296
RuleBased,2,297
RuleBased,2,298
RuleBased,2,299
RuleBased,2,300
RuleBased,2,301
RuleBased,2,302
RuleBased,2,303
RuleBased,2,304
RuleBased,2,305
RuleBased,2,306
RuleBased,2,307
RuleBased,2,308
RuleBased,2,309
RuleBased,2,310
RuleBased,2,311
RuleBased,2,312
RuleBased,2,313
RuleBased,2,314
RuleBased,2,315
RuleBased,2,316
RuleBased,2,317
RuleBased,2,318
RuleBased,2,319
RuleBased,2,320
RuleBased,2,321
RuleBased,2,322
RuleBased,2,323
RuleBased,2,324
RuleBased,2,325
RuleBased,2,326
RuleBased,2,327
RuleBased,2,328
RuleBased,2,329
RuleBased,2,330
RuleBased,2,331
RuleBased,2,332
RuleBased,2,333
RuleBased,2,334
RuleBased,2,335
RuleBased,2,336
RuleBased,2,337
RuleBased,2,338
RuleBased,2,339
RuleBased,2,340
RuleBased,2,341
RuleBased,2,342
RuleBased,2,343
RuleBased,2,344
RuleBased,2,345
RuleBased,2,346
RuleBased,2,347
RuleBased,2,348
RuleBased,2,349
RuleBased,2,350
RuleBased,2,351
RuleBased,2,352
RuleBased,2,353
RuleBased,2,354
RuleBased,2,355
RuleBased,2,356
RuleBased,2,357
RuleBased,2,358
RuleBased,2,359
RuleBased,2,360
RuleBased,2,361
RuleBased,2,362
RuleBased,2,363
RuleBased,2,364
RuleBased,2,365
RuleBased,2,366
RuleBased,2,367
RuleBased,2,368
RuleBased,2,369
RuleBased,2,370
RuleBased,2,371
RuleBased,2,372
RuleBased,2,373
RuleBased,2,374
RuleBased,2,375
RuleBased,2,376
RuleBased,2,377
RuleBased,2,378
RuleBased,1,379
RuleBased,1,380
RuleBased,1,381
RuleBased,1,382
RuleBased,1,383
RuleBased,1,384
RuleBased,1,385
RuleBased,1,386
RuleBased,1,387
RuleBased,1,388
RuleBased,1,389
RuleBased,1,390
RuleBased,1,391
RuleBased,1,392
RuleBased,1,393
RuleBased,1,394
RuleBased,1,395
RuleBased,1,396
RuleBased,1,397
RuleBased,1,398
RuleBased,1,399
RuleBased,1,400
RuleBased,1,401
RuleBased,1,402
RuleBased,1,403
RuleBased,1,404
RuleBased,1,405
RuleBased,1,406
RuleBased,1,407
RuleBased,1,408
RuleBased,1,409
RuleBased,1,410
RuleBased,1,411
RuleBased,1,412
RuleBased,1,413
RuleBased,1,414
RuleBased,1,415
RuleBased,1,416
RuleBased,1,417
RuleBased,1,418
RuleBased,1,419
RuleBased,1,420
RuleBased,1,421
RuleBased,1,422
RuleBased,1,423
RuleBased,1,424
RuleBased,1,425
RuleBased,1,426
RuleBased,1,427
RuleBased,1,428
RuleBased,1,429
RuleBased,1,430
RuleBased,1,431
RuleBased,1,432
RuleBased,1,433
RuleBased,1,434
RuleBased,1,435
RuleBased,1,436
RuleBased,1,437
RuleBased,1,438
RuleBased,1,439
RuleBased,1,440
RuleBased,1,441
RuleBased,1,442
RuleBased,1,443
RuleBased,1,444
RuleBased,1,445
RuleBased,1,446
RuleBased,1,447
RuleBased,1,448
RuleBased,1,449
RuleBased,1,450
RuleBased,1,451
RuleBased,1,452
RuleBased,1,453
RuleBased,1,454
RuleBased,1,455
RuleBased,1,456
RuleBased,1,457
RuleBased,1,458
RuleBased,1,459
RuleBased,1,460
RuleBased,1,461
RuleBased,1,462
RuleBased,1,463
RuleBased,1,464
RuleBased,1,465
RuleBased,1,466
RuleBased,1,467
RuleBased,1,468
RuleBased,1,469
RuleBased,1,470
RuleBased,1,471
RuleBased,1,472
RuleBased,1,473
RuleBased,1,474
RuleBased,1,475
RuleBased,1,476
RuleBased,1,477
RuleBased,1,478
RuleBased,1,479
RuleBased,1,480
RuleBased,1,481
RuleBased,1,482
RuleBased,1,483
RuleBased,1,484
RuleBased,1,485
RuleBased,1,486
RuleBased,1,487
RuleBased,1,488
RuleBased,1,489
RuleBased,1,490
RuleBased,1,491
RuleBased,1,492
RuleBased,1,493
RuleBased,1,494
RuleBased,1,495
RuleBased,1,496
RuleBased,1,497
RuleBased,1,498
RuleBased,1,499
RuleBased,1,500
